umbral,accuracy,precision,recall,f1_score,verdaderos_negativos,falsos_positivos,falsos_negativos,verdaderos_positivos
0.1,0.07050747329987556,0.07050747329987556,1.0,0.13172719492099177,0,67971,0,5156
0.15,0.07050747329987556,0.07050747329987556,1.0,0.13172719492099177,0,67971,0,5156
0.2,0.07069892105515063,0.07052097438212082,1.0,0.13175075700468897,14,67957,0,5156
0.25,0.07223050309735118,0.0706056413277258,0.9996121024049651,0.13189512878584314,128,67843,2,5154
0.3,0.07853460418176597,0.07098339859908444,0.9984484096198604,0.1325437693099897,595,67376,8,5148
0.35,0.10128953738017422,0.0719374628933307,0.9870054305663305,0.13410103033017998,2318,65653,67,5089
0.4,0.16014604728759554,0.07412341791315932,0.9495733126454616,0.13751263902932254,6815,61156,260,4896
0.45,0.2818247706045647,0.07784868796349116,0.8469743987587277,0.14259126232612812,16242,51729,789,4367
0.5,0.4921574794535534,0.08187119211358941,0.6072536850271528,0.14428903891794742,32859,35112,2025,3131
0.55,0.7564921301297742,0.08464114518353143,0.25,0.1264655383860682,54031,13940,3867,1289
0.6,0.9203440589659087,0.09356014580801944,0.014934057408844065,0.025756815520990132,67225,746,5079,77
0.65,0.9294925267001244,0.0,0.0,0.0,67971,0,5156,0
0.7,0.9294925267001244,0.0,0.0,0.0,67971,0,5156,0
0.75,0.9294925267001244,0.0,0.0,0.0,67971,0,5156,0
0.8,0.9294925267001244,0.0,0.0,0.0,67971,0,5156,0
0.85,0.9294925267001244,0.0,0.0,0.0,67971,0,5156,0
0.9,0.9294925267001244,0.0,0.0,0.0,67971,0,5156,0
